No.,Nama Instagram,Komentar,Kategori,Tanggal Posting,Nama Akun IG  Artis/Selebgram,Unnamed: 6,Unnamed: 7
334,@frdtias_,"""Jijik astagah sok bat cakep njs""",Bullying,28 Maret 2020,@eeericko,,
30,@dellasss1,"""muka lu sensual tapi norak kenapa dah""",Bullying,28 Desember 2020,@rosameldianti_,,
554,@mawarmelati6,"""Pantas pada senang kerja di Rans.. mbak gigi nggak ngebossy..""",Non-bullying,31 Mei 2021,@raffinagita1717,,
287,@gudlukinhmn,"""3 anjing 1 anjing berwujud manusia, 2 anjing asli tak ada perwujudan aowkwkw""",Bullying,20 Maret 2020,@eeericko,,
426,@bubblecndyy,"""Wah ibarat lebih milih iblis daripada bidadari haha""",Bullying,2 Juni 2020,@eeericko,,
292,@ganimhermawan,"""dikasi yang bening malah milih yang dakian""",Bullying,20 Maret 2020,@eeericko,,
381,@asbdidjdk,"""Ini bukan era lo lagi, mending lo mati aja babi. Kalo baca bales nyet""",Bullying,7 Mei 2020,@eeericko,,
582,@dedehfp,"""Mama gigi gapernah ga cantik sih kalo menurut aku.""",Non-bullying,31 Mei 2021,@raffinagita1717,,
431,@kecoakgemoi._,"""Dasar cewe lo itu LONTE tau kau!""",Bullying,2 Juni 2020,@eeericko,,
209,@erikkansona,"""oi babi gue bunuh lu kalau sampai kelihatan sumpah""",Bullying,22 Mei 2020,@ferdianpalekaa00,,
291,@hydir.syptra_24,"""mukak lu lebih buruk daripada anjing lu""",Bullying,20 Maret 2020,@eeericko,,
321,@ahmd_yahdi,"""Hidup itu jngn keterlaluan boss playboy amat ajg luu""",Bullying,28 Maret 2020,@eeericko,,
333,@nrsuciwss2,"""Et muka lu aje gitu dih hahaha. Biarin aja sampah ketemu sampah biar busuk bersama""",Bullying,28 Maret 2020,@eeericko,,
193,@adellaberrr,"""Lo kira lo bagus tuh begitu anjing wkwkw""",Bullying,5 Mei 2020,@ferdianpalekaa00,,
610,@nissaginting,"""Demi apa, Kak Yaya gk pernah ngeRAGUin para pendengar lagu2 nya""",Non-bullying,17 Maret 2021,@raisa6690,,
445,@hikmahauliasari_01,"""Udah ada berlian malah milih batu nisan""",Bullying,2 Juni 2020,@eeericko,,
382,@rksalfiansyah_,"""Saya segenap hati minta maap""",Non-bullying,7 Mei 2020,@eeericko,,
306,@elgistazmn,"""Ngga ada niatan ngadain pengajian gitu bang?""",Non-bullying,26 Maret 2020,@eeericko,,
239,@niko_panji.bp,"""Bikin skandal karena kepengen tenar?""",Non-bullying,20 Maret 2020,@eeericko,,
631,@yolasinamo,"""hua seneng bgt kmrn walaupun Cuma 35 menitan tp seneng liat isyan, adaptasi kebiasaan baruku semoga bisa lebih teratur maemnya, ditunggu karya selanjutnya kaka""",Non-bullying,28 September 2020,@isyanasarasvati,,
105,@fitrysyakieb,"""Itu tangan apa paha haha….""",Bullying,11 Desember 2020,@rosameldianti_,,
115,@sanainahpurnamasari,"""sukses selalu yah ka @rosameldianti_ semangat""",Non-bullying,7 Desember 2020,@rosameldianti_,,
156,@pipidz888,"""Hbd cantik semoga kedepannya tambah sukses""",Non-bullying,29 November 2020,@rosameldianti_,,
222,@bilqissiee,"""kasian banget Jane udah nunggu keluar penjara eh taunya :), waw sakit siih""",Non-bullying,20 Maret 2020,@eeericko,,
8,@khanayarudinita,"""Makin jelek aja anaknya, padahal ibu ayahnya cakep2""",Bullying,22 Juni 2019,@tasyakamila,,
249,@alyafdhlh_,"""Kak jessica yg nungguin+setia sm kk loh pas ad masalah kmrn. Tapi kk ga ngehargain malah lbh milih yg d sono""",Non-bullying,20 Maret 2020,@eeericko,,
487,@melonktheyalni,"""Idih mak lampir, dibanding uya ma lu, lu bagaikan butiran debu,, lu dikenal karena bacot… rajin2 ngaca deh""",Bullying,1 Juni 2021,@dennisechariesta,,
337,@yasn.a692,"""MUKA KAMPUNG GAYA SOK SOAN KOTA NYET""",Bullying,28 Maret 2020,@eeericko,,
639,@muyasashop,"""Biasa nya aq nangis kalo lagu nya seiihh, kalo sekarang nangis karna saking bagus nya lagu nya""",Non-bullying,13 Februari 2021,@isyanasarasvati,,
330,@aowkaowkaowk__,"""Idihhhhh pantesan aja foto nya keluarin lidah kyk gtu. Trnyata tukang jilat…""",Bullying,28 Maret 2020,@eeericko,,
322,@xxyszx,"""Mukalu kek aktor bokep bgst mending ngobat aja luu""",Bullying,28 Maret 2020,@eeericko,,
290,@boyvoyej,"""Lo itu kontol gak guna ajg anak dakjal""",Bullying,20 Maret 2020,@eeericko,,
141,@qoriah7588,"""Setidaknya dia ngaku. bukan belagak pintar""",Non-bullying,10 Januari 2021,@rosameldianti_,,
214,@onlyone_dhii,"""Semangat Ferdian gausah dengerin orang yang hujat kamu, karena semua manusia tidak luput dari kesalahan""",Non-bullying,28 Juni 2020,@ferdianpalekaa00,,
44,@nadhiya_za,"""Semoga lancar terus usahanya mel""",Non-bullying,20 Desember 2020,@rosameldianti_,,
43,@anggrainikoenang,"""mba bisa gk sih, kalau gk merem melek gitu matanya kaya orang cacingan""",Bullying,20 Desember 2020,@rosameldianti_,,
74,@anisa_lubis12,"""Elu juga semoga semakinlebih baik dalam segala hal, terutama akhlak dan etikanya""",Non-bullying,31 Desember 2020,@rosameldianti_,,
583,@muhammadmarselnur,"""Semoga sehat selalu bayi dalam kandungan nya sama ibunya ya.""",Non-bullying,31 Mei 2021,@raffinagita1717,,
606,@fahrirasihan,"""Bukan keliatan ragu, tapi keliatan cantik""",Non-bullying,17 Maret 2021,@raisa6690,,
67,@zulfaqinan,"""Semua dah pada ngembang… habis di berapa cowo meldi?... enak ya di otak atik""",Bullying,22 Desember 2020,@rosameldianti_,,
12,@yudharamm,"""Udah gila sekarang ini orang wkwk, udah jomblo jadi psikolog ga laku, ya jadilah seperti itu""",Bullying,24 Desember 2020,@lutfiagizal,,
200,@iibaaall,"""MATI KAU NAJIS KONTOL BANGSAT MATI KAU""",Bullying,5 Mei 2020,@ferdianpalekaa00,,
528,@ayomindan_15,"""Sumpah si kak, kemeja jeans bikin keliatan seger bgt mantap mantap""",Non-bullying,15 Maret 2021,@jeromepolin,,
605,@otiv_real,"""Ragu aja cantiknya udh kek gini, gmn kl yakin yak, cantiknya kek apa, heran""",Non-bullying,17 Maret 2021,@raisa6690,,
434,@aditmg04,"""Muka lu sama anjing gwe..lebih ganteng anjing gwe rik""",Bullying,2 Juni 2020,@eeericko,,
260,@leonardis445,"""guys dr pd comment2 mending unfoll sm unsubscribe aja yaa""",Non-bullying,20 Maret 2020,@eeericko,,
368,@pufftlm,"""woi anak anjing ngapain lu hidup bgst""",Bullying,7 April 2020,@eeericko,,
533,@ryaamelliaa,"""maniss bangettt pengen dah punya senyuman manis kayak ka syifaaa""",Non-bullying,6 Mei 2020,@syifahadjureal,,
585,@silvahumairasadeli,"""MasyaAllah selalu mempesona baik kaum adam maupun kaum hawa""",Non-bullying,9 Mei 2021,@raisa6690,,
84,@yunhistia,"""ini foto apa w masukin museum aja ya ga ada pantas2nya""",Bullying,18 Desember 2020,@rosameldianti_,,
438,@xrnggaty__27,"""yang kedua dari sebelah kanan itu batik apa orang dah? kok warna nya kek taek babi si?""",Bullying,2 Juni 2020,@eeericko,,
625,@grapepush0a,"""Gatau lagi, serasa nonton wtf beneran di jkt meski virtual and thankyouu for the performance kak syan! Selalu keren dan pecah! Tak pernah sekalipun mengecewakan""",Non-bullying,28 September 2020,@isyanasarasvati,,
510,@kendaknyolah,"""kukira dedeknya berdiri itu mau mukul bang jer pake ukulele… ternyata aku salah salah :""""",Non-bullying,27 Februari 2021,@jeromepolin,,
80,@andipulau123,"""Nggak ada cantik-cantik nya hahaha""",Bullying,18 Desember 2020,@rosameldianti_,,
24,@tetikasmy7615,"""serem banget muka lo mel kayak ayam potong merah banget""",Bullying,27 Desember 2020,@rosameldianti_,,
228,@guardo_purbaa,"""Ini anjing Kok mirip ya sama Erick""",Bullying,20 Maret 2020,@eeericko,,
371,@ayumeiaa,"""Benci aja Ama orang jelek pake selingkuh segala""",Bullying,7 April 2020,@eeericko,,
598,@anazd_k,"""udah dong. Lagi ngunyah aja cute banget""",Non-bullying,10 April 2021,@raisa6690,,
237,@dian.iswr,"""Anjingnya ada dua kok guys, tapi kok lagi satu gue liat ada babi item""",Bullying,20 Maret 2020,@eeericko,,
235,@hijabmurah.reseller,"""cewe cakep, setia kok disia sia in sahabat""",Non-bullying,20 Maret 2020,@eeericko,,
312,@anjuketaren,"""Banyak yg kecewa karena lu begini rik!!!!""",Non-bullying,26 Maret 2020,@eeericko,,
257,@epannalzz,"""dasar orang tua gada akhlak,ngajarin anaknya yang ga bener""",Bullying,20 Maret 2020,@eeericko,,
138,@lie_3071,"""Yang penting ada niat.. dan keberanian""",Non-bullying,10 Januari 2021,@rosameldianti_,,
275,@kepo.luanjng_,"""Dah lah. Gw capek baca komen kalian""",Non-bullying,20 Maret 2020,@eeericko,,
236,@lesyaarr,"""loh kok ak liatnya anjing semua yaa""",Bullying,20 Maret 2020,@eeericko,,
581,@ratna_wahyuningrum28,"""Manis banget mbak gigi.. Masya Allah.. hamil semakin bersinar..""",Non-bullying,31 Mei 2021,@raffinagita1717,,
212,@zibah25,"""Bangkit ya bang jangan lemah buat pelajaran dan ujian buat lu jadi yang lebih baik lagi bang""",Non-bullying,28 Juni 2020,@ferdianpalekaa00,,
10,@nurjanah.hani,"""Muka anak nya ko tua banget yaa.. GK ngegemesin GK ada lucu2nya""",Bullying,22 Juni 2019,@tasyakamila,,
614,@yolasinamo,"""seru bgt gemoy, tim berkebun plus tim alam bgt niiii""",Non-bullying,28 Juli 2020,@isyanasarasvati,,
301,@moonicagstt,"""udah nemenin dari masa tersulit lo pas udah keluar malah selingkuh, ga nyangka idola gua sesampah itu.""",Bullying,20 Maret 2020,@eeericko,,
357,@_sugarr_babyy,"""MELET2 UDAH KAYA ANJING, EH KAN EMAH ANJING""",Bullying,28 Maret 2020,@eeericko,,
636,@syrobby_,"""CONGRATS KAK ISYAN semoga karya nya apa yg dilakukan kakak sukses teruss""",Non-bullying,20 Oktober 2020,@isyanasarasvati,,
575,@limcu_n,"""i see beauty in everything mba gigi sehat selalu sama dede bayi nya""",Non-bullying,31 Mei 2021,@raffinagita1717,,
85,@adityazuko,"""Nggak ngumpul bareng mami isa lagi kan kamu yang paling gembrot disana""",Bullying,18 Desember 2020,@rosameldianti_,,
297,@delvyanawuu,"""Kasian anjingnya dipeluk sma sampahh""",Bullying,20 Maret 2020,@eeericko,,
444,@ravi18dihan_,"""Dekil tatoan, mampus karir Lo hancurr pantek""",Bullying,2 Juni 2020,@eeericko,,
204,@farhanaja_,"""Kalau sayang sama anaknya ya di serahkan aja ke polisi biar di didik sekalian""",Non-bullying,5 Mei 2020,@ferdianpalekaa00,,
197,@louis.edrt,"""Okay bro kalem aja, tetap semangat dan jangan putus asa""",Non-bullying,5 Mei 2020,@ferdianpalekaa00,,
279,@reandraalkautsr_,"""2 ekor anjing dan satu buaya makan jambut""",Bullying,20 Maret 2020,@eeericko,,
94,@satriakiranadwi,"""Cowoknya ga ada cakep cakepnya""",Bullying,13 Desember 2020,@rosameldianti_,,
408,@teamlistychan,"""Jangan cuman bisa ngehina Dong Sadar Kalian Itu Ga sempurna sama kaya kami""",Non-bullying,2 Juni 2020,@eeericko,,
464,@galangnusantaraputra,"""Wah ngehina fisik ni orang,ga bener ya wkwkwkwk""",Non-bullying,9 Agustus 2020,@eeericko,,
593,@audreyjizlia,"""BISA BERHENTI CAKEP GA KAKK? PUSINGGGG IH""",Non-bullying,30 April 2021,@raisa6690,,
29,@swity_nananana,"""Sebelum aku Unfoll, aku mau bilang NAJISSSS""",Bullying,28 Desember 2020,@rosameldianti_,,
185,@maya_purple14,"""Asli gak ada bebet bobo ni anak. kasihan sekali.""",Bullying,13 Januari 2021,@rosameldianti_,,
523,@depi1310,"""Pantesan kak Jessica bilang bang jerom beruang wkwkwk""",Non-bullying,17 Februari 2021,@jeromepolin,,
179,@nandaanvta_,"""Lu bener' ga.kalo sempet nyakitin lora gue santet!!!!!""",Bullying,8 Agustus 2020,@gagamuhammad,,
261,@qnfkn,"""Babi lagi main ma anjing :)""",Bullying,20 Maret 2020,@eeericko,,
154,@idcwhouareee,"""Perasaan kemarin lengannya kekar banget kek petinju, udah gitu ketiaknya juga hitam. Kok difoto ini lengannya jadi kecil, ketiaknya putih kek dibedakin""",Bullying,29 November 2020,@rosameldianti_,,
76,@misscahyani,"""Aamiin. Doa baik juga untuk Meldi""",Non-bullying,31 Desember 2020,@rosameldianti_,,
504,@iswindarty_cici,"""Sekilas yg abu mirip ariana grande haha""",Non-bullying,5 April 2021,@maudyayunda,,
93,@fan_fani001,"""Jujur ya kamu kalo anteng ga buat masalah cantik mel""",Non-bullying,13 Desember 2020,@rosameldianti_,,
355,@hadafajri,"""Ih ko melet2 si kaya hewan aja wkwkwkwk""",Bullying,28 Maret 2020,@eeericko,,
69,@nia_5446,"""Muka buluk kepedean lagi.. muka udah tua""",Bullying,22 Desember 2020,@rosameldianti_,,
483,@riskarmdhni,"""Aura org pinter emg shining ya bun @hy_dindut""",Non-bullying,21 Maret 2021,@maudyayunda,,
336,@arshylaaa,"""udah buriq brengsek pula pantes aja dapet lonte""",Bullying,28 Maret 2020,@eeericko,,
189,@adiknya_wwatch.ig,"""Gatau sih, cantik tapi gak ada aura nya sama sekali . Cantik tapi idih gitu lihatnya , kenapa yaa ??""",Bullying,13 Januari 2021,@rosameldianti_,,
16,@lala.laxii,"""bisa mati aja ga? gedeg gua liat lu. ANJIM""",Bullying,8 Desember 2020,@lutfiagizal,,
437,@annafrrozen,"""Gw melihat cewek murahan di postingan ini""",Bullying,2 Juni 2020,@eeericko,,
410,@_nanellchaan,"""Murahh banget lo jijik gue …. Dikick EVOS mlah open BO""",Bullying,2 Juni 2020,@eeericko,,
89,@rosameldiantifansclub,"""Tambah cantik aja rosa meldianti""",Non-bullying,18 Desember 2020,@rosameldianti_,,
546,@ike_wulandari01,"""Setuju g sih? Si dia tetep cntik bgt meski g pke make up… lah aku g pke make up pucet bgt kyk g makan setahunn""",Non-bullying,17 Juni 2020,@syifahadjureal,,
118,@cece_rossalien,"""Berkarya teros meldi walo ga ada yg nuntun kamu.""",Non-bullying,7 Desember 2020,@rosameldianti_,,
626,@mahrani29,"""Walaupun ga pernah lihat ka isyana live beneran di panggung. Tp aku terpesona bgt ama live virtual asli keren""",Non-bullying,28 September 2020,@isyanasarasvati,,
488,@story_quots_,"""Anjirlah muka lo kek kuntilanak malah sok cantik""",Bullying,1 Juni 2021,@dennisechariesta,,
34,@ferd.iansyah454,"""jari jari kaki kayak jarinya tukang panggul""",Bullying,26 Desember 2020,@rosameldianti_,,
1,@delliananda,"""Kaka tidur yaa, udah pagi, gaboleh capek2""",Non-bullying,14 Oktober 2019,@isyanasarasvati,,
643,@mentariprajna,"""Gilaaaa.. gila.. gilaaaa Tangan, kaki, ekspresi, n emosi tertuang adi suatu karya yg fantastis""",Non-bullying,13 Februari 2021,@isyanasarasvati,,
251,@alshvfdl,"""HARGAILAH HATI WANITA YANG UDH TULUS NEMENIN LO DARI 0!!!""",Non-bullying,20 Maret 2020,@eeericko,,
413,@jeihanfatiya,"""bidadari sudah ditunjukan , bahwa mmg g pantes sma dajjal g tau diri""",Bullying,2 Juni 2020,@eeericko,,
397,@mhmmdfarrel21_,"""Meninggalkan berlian demi Tai Sapi""",Bullying,2 Juni 2020,@eeericko,,
500,@riyan_w_p,"""Bego lu. Alam semesta dan seisinya pun serentak murka mendengarkan lagumu""",Bullying,2 Juni 2021,@denisechariesta,,
303,@eeeannisa,"""Gua gabisa bedain mana anjing mana manusia, keliatannya sama""",Bullying,20 Maret 2020,@eeericko,,
23,@emi_muslikah,"""Ancur hidup lu kalau sama dia… Sumpah..""",Bullying,15 November 2020,@kalinaocktarany,,
62,@_goshop24,"""Ka mel gausah merendahkan orang lain. Bersyukur aja diatas langit juga masih ada langit lagi""",Non-bullying,22 Desember 2020,@rosameldianti_,,
117,@santi_azkadinasakhi,"""sumpah aslinya muka lo lebar kayak baskom loh mel @rosameldianti_""",Bullying,7 Desember 2020,@rosameldianti_,,
502,@ykzlk_sk,"""ka nisa mirip ariana grande masa""",Non-bullying,5 April 2021,@maudyayunda,,
229,@_ilhammputra,"""Muka Pas""an sok sok an mau sm lonte lo anjing""",Bullying,20 Maret 2020,@eeericko,,
90,@teukualmunawir,"""Jadi diri sendiri, jangan jadi ular apalagi dugong""",Bullying,18 Desember 2020,@rosameldianti_,,
183,@rezaadhitia_,"""meldi makin bersinar yaaa, pertahanin karir jgn di sia siain""",Non-bullying,13 Januari 2021,@rosameldianti_,,
276,@filsiyiii,"""Keliatan bgt anjingnya ketakutan foto sama dakjal""",Bullying,20 Maret 2020,@eeericko,,
285,@ananddmanangkasi,"""BANTU BEDAINN WOYY MANA ANJING MANA BABI""",Bullying,20 Maret 2020,@eeericko,,
19,@lennyliando,"""Ibu kamu pelakor plus hamil di luar nikah ya? Pantesan anaknya kyk gini modelannya""",Bullying,16 Juni 2020,@listychanpokemon,,
496,@ru_kiiaah98,"""cantikan waktu berisi dulu… sekarang kurus bgt, kurus begini auranya kurang""",Bullying,19 Desember 2020,@isyanasarasvati,,
400,@gritlechan02,"""Open BO ga bang si listy? Kebetulan ada om-om yg nyari cwe yg udah pengalaman!!!!""",Bullying,2 Juni 2020,@eeericko,,
145,@dwitrynurvita,"""Happy Birthday kak Meldi yang imut n ngegemesin. Tambah sukses selalu""",Non-bullying,29 November 2020,@rosameldianti_,,
339,@gudlukinhmn,"""Ciah dihujat 1 Indonesia jangan sampe bunuh diri ya komtoll kami blom puas nguat kauuu""",Bullying,28 Maret 2020,@eeericko,,
520,@nikenwidd_,"""Bang, aku nonton kamu setelah aku kerja di Jepang. Bermanfaat bgt kontennya jd gampang kalo mau nyari apa apa di Jepang""",Non-bullying,17 Februari 2021,@jeromepolin,,
586,@dwiwarochmah,"""Gak ada orang lain yang bangun tidur siang secantik ini selain ka yaya""",Non-bullying,9 Mei 2021,@raisa6690,,
433,@angelicaangel______,"""Itu ditengah manusia apa monyet kok kulitnya bercorak batik""",Bullying,2 Juni 2020,@eeericko,,
406,@xdebyy23,"""Anak gblk dikasi berlian malah milih kerikil""",Bullying,2 Juni 2020,@eeericko,,
47,@dianaherdani18,"""Kaku kek kanebo kering hahaha""",Bullying,20 Desember 2020,@rosameldianti_,,
262,@njums_0101,"""Dikasi BIDADARI MALAH PILIH BABI""",Bullying,20 Maret 2020,@eeericko,,
196,@azzamyluth6802,"""Btw yang video tapi boong itu dia buat nya tahun lalu bukan pas masalah yang sekarang kalau gak percaya lihat tribun news jadi jangan hujat dia lagi ya""",Non-bullying,5 Mei 2020,@ferdianpalekaa00,,
650,@dikha.wirasathya,"""Inimah bukan main alat musik lagi. Olahraga jari dan kaki ini mah""",Non-bullying,13 Februari 2021,@isyanasarasvati,,
541,@elizabethkezia4u,"""@angelkmgi ini paling cute sih, ganteng parah msh kecil jg""",Non-bullying,9 Juni 2020,@syifahadjureal,,
108,@biankarachel,"""Aduuh.. terlalu halu.. hhahaha lebay editan nyaa lemak kemana lemak… hahhaaa.. mimpi ketinggian..""",Bullying,7 Desember 2020,@rosameldianti_,,
425,@inxxzrbc,"""yaelah muka pas""an aja bangga lu njing""",Bullying,2 Juni 2020,@eeericko,,
458,@joy81shop,"""Ni org jelek ga ada obat.kok jj mau liat apa ya..""",Bullying,9 Agustus 2020,@eeericko,,
305,@gevin.reski,"""Kenapa ada orang baik ? Karna ada orang jahat""",Non-bullying,26 Maret 2020,@eeericko,,
621,@astri.yanti22491,"""Congrats ka @isyanasarasvati, terus berkarya, makin sukses… dan terus mnjd inpirasi kita semua…""",Non-bullying,04 April 2020,@isyanasarasvati,,
584,@novaaa_nmc,"""Cantik banget semoga sehat selalu kakak panutan""",Non-bullying,9 Mei 2021,@raisa6690,,
579,@balizoo,"""Terima kasih kak Nagita @raffinagita1717 sudah support Molly si gajah dan satwa-satwa di Bali Zoo lainnya dengan kunjungannya bersama keluarga""",Non-bullying,31 Mei 2021,@raffinagita1717,,
479,@egioktvwn,"""Kasian masih muda udah stresss""",Bullying,13 Januari 2021,@eeericko,,
531,@be_l.aa,"""Klo style ke gini pas gitu bang sma umur lu yg msh muda keliatan lbh fresh aja sesuai sma umur""",Non-bullying,15 Maret 2021,@jeromepolin,,
634,@wardah_eka,"""congrats kak isyan semoga semua impian-impian baiknya segera bisa terwujud aamiin""",Non-bullying,20 Oktober 2020,@isyanasarasvati,,
150,@jualconversesecond24,"""Mukanya kuning banget kaya kunyit""",Bullying,29 November 2020,@rosameldianti_,,
125,@hamzahifidafadafa,"""Meldi aku perhatikan kamu seperti orang china deh.. cantik""",Non-bullying,30 November 2020,@rosameldianti_,,
515,@aldy_rhmd_,"""Muka lu kok cabul banget sih bg hahah""",Bullying,26 April 2021,@eeericko,,
560,@sumiyati_yudi2,"""MasyaAllah Rafathar tambah besar makin tambah ganteng bgt gk kuat ngeliat alisny…""",Non-bullying,31 Mei 2021,@raffinagita1717,,
186,@hannyjamal33,"""kumat… lama semedinya segini keluarnya""",Bullying,13 Januari 2021,@rosameldianti_,,
553,@hypelook.store,"""kultur kerja kaya gini menurut gw bagus si ga kapitalis banget, petingginya juga ikut kerja misal ngevlog atau endors, semoga gaji juga ga senjang si haha""",Non-bullying,31 Mei 2021,@raffinagita1717,,
350,@wibimaulana7,"""Anjing gk pantes sama bidadari.""",Bullying,28 Maret 2020,@eeericko,,
641,@arfrakim,"""@vnagstn astaga si isyana keren banget ini; bisa ada musisi lokal yang selera musiknya kayak gini""",Non-bullying,13 Februari 2021,@isyanasarasvati,,
599,@xmxexgxaxr,"""Penyihir secantik ini gue rela dikutuk jadi tokek laut""",Non-bullying,10 April 2021,@raisa6690,,
143,@tiara_amd,"""Cuma di postingan ini ya bund netizen sedikit yang menghujat""",Non-bullying,29 November 2020,@rosameldianti_,,
142,@apelu.liat2,"""Masih jauh kalo ngarep bisa ikutan kontes miss earth , makanya dari kecil les inggris biar lidahnya gak keseleo""",Bullying,10 Januari 2021,@rosameldianti_,,
637,@erminah20,"""ORANG INI TERLIHAT SANGAT SANGAT STRES DAN GILA""",Bullying,3 Maret 2021,@lutiagizal,,
20,@tatianayaaaa,"""Anaknya udh pinter, maknya yang kelempengan.. berasa masih baby, tingginya azka aj melebihi mamanya..""",Bullying,25 Oktober 2020,@kalinaocktarany,,
173,@lunaaluna91,"""Mudah mudahan lu jadi gembel. Amin ya Allah""",Bullying,29 November 2020,@rosameldianti_,,
527,@wen_margareth,"""Baru x ini baca caption harus mikir dan pakai kalkulator cuyyy hahaha""",Non-bullying,7 Maret 2021,@jeromepolin,,
13,@mubarakbasslom,"""Lo sintingnya udah tingkat dewa""",Bullying,24 Desember 2020,@lutfiagizal,,
26,@ghy.14,"""Kamu emang cocoknya jadi pengusaha kuliner udah fixs. Semoha lancat terusssss""",Non-bullying,27 Desember 2020,@rosameldianti_,,
452,@rizkibryn_,"""bego anak orang udah ga perawan noh gara"" lu wkwkw""",Bullying,9 Agustus 2020,@eeericko,,
170,@awanpanas125,"""Kasian kebelet artis tapi gak punya bakat""",Bullying,29 November 2020,@rosameldianti_,,
453,@renaldiode_93,"""Frustasi..Sudah habis uangnya..Kasihannn""",Bullying,9 Agustus 2020,@eeericko,,
356,@chellolix,"""Iuu milih iblis drpd bidadarii kwkwkw jyjyq""",Bullying,28 Maret 2020,@eeericko,,
246,@orangejusi,"""WADUH MALAH LEBIH GANTENG ANJINGNYA. EH EH BAHKAN LU GA PANTES DISEBUT ANJING. ANJING KAN SETIA PANTESNYA SIH BABI HAHAHAHA""",Bullying,20 Maret 2020,@eeericko,,
299,@nyanya6300,"""Cintamu hanya sebatas kertas wkwkw enteng bang""",Non-bullying,20 Maret 2020,@eeericko,,
570,@dewitatarias,"""Mama gigi kalau rambutnya agak pirang tambah cantik dan tampak lebih muda""",Non-bullying,29 Mei 2021,@raffinagita1717,,
273,@im.timothy_,"""2 3 tutup botol muka lu kek kontol wkwk""",Bullying,20 Maret 2020,@eeericko,,
155,@_simaistia25bu,"""Selamat Ulang Tahun kak @rosameldianti_, banyaknya sadar dan jangan pansos lagi yah. Amin""",Non-bullying,29 November 2020,@rosameldianti_,,
127,@neng_fitri_masraina,"""Kasihan ular dibawa bawa kamu gak pantas jadi ular pantasnya jadi bunglon atau buaya..""",Bullying,30 November 2020,@rosameldianti_,,
501,@melly_goeslaw,"""Dua2 nya cantik banget masya Allah""",Non-bullying,5 April 2021,@maudyayunda,,
288,@trishapermata,"""Kasian gue sama anjingnya dipegang dajjal""",Bullying,20 Maret 2020,@eeericko,,
114,@bunda_jannah,"""heran sama netizen klo gk suka jangan diliat aja""",Non-bullying,7 Desember 2020,@rosameldianti_,,
482,@imnotravi,"""Bikin konten YouTube Student life at standford @maudyayunda seperti waktu S1 at Oxford. Fansmu pada nungguin nih.""",Non-bullying,21 Maret 2021,@maudyayunda,,
174,@putri_lintang0,"""Ketiaknya hitam dikasih bedak jadi nya abu"" monyet""",Bullying,29 November 2020,@rosameldianti_,,
58,@mareeet30,"""Udah ka gausah digubris gausah dipikirin. Bersyukur aja sama nikmat tuhan yang udah dikasih ke kaka. Gausah juga ngatain orang ka, tetep bersyukur atas nikmatnya""",Non-bullying,22 Desember 2020,@rosameldianti_,,
478,@arikinanta96,"""Udah mau autis iya bg awokawkk""",Bullying,13 Januari 2021,@eeericko,,
223,@candrwijya,"""Puny cewk baik di selingkuhin g ngotak""",Bullying,20 Maret 2020,@eeericko,,
281,@rakaakmaall,"""Ngapain si pada ngejudge? Mikir dulu lah dia putus juga sebelum kejadian itu tolol""",Non-bullying,20 Maret 2020,@eeericko,,
18,@farsyahl_,"""Apasih kontol berantem aja lah ayo bngst @lutfiagizal""",Bullying,6 Desember 2020,@lutfiagizal,,
358,@beejr1425,"""ga nyadar aja nih sampah HAHA""",Bullying,28 Maret 2020,@eeericko,,
256,@raihan.kh,"""Ada 3 Ajg Dan Yg Punya Tato Bener2 Ajg""",Bullying,20 Maret 2020,@eeericko,,
365,@regitaaeh,"""selama dipenjara apalo sikat gigi? KOK BAU YA, BAUBAU AROMA BANGSATTTT""",Bullying,7 April 2020,@eeericko,,
623,@kazuyaisaam,"""Saya berharap kak @isyanasarasvati panjang umur. Sehingga bisa jadi inspirasi untuk musisi seluruh Indonesia. Saya suka musik indonesia dengan adanya kak Isyana""",Non-bullying,28 September 2020,@isyanasarasvati,,
191,@louizee_fa,"""Gila ni siluman,, di story orang lain keliatan banget tumpukan2 lemaknya, buriknya apalagi""",Bullying,13 Januari 2021,@rosameldianti_,,
383,@aardyyyy,"""Dulu Bahagia Sekarang Banyak Utang""",Bullying,2 Juni 2020,@eeericko,,
571,@ikakadamayanti,"""OOTD mama gigi simple tapi elegan dilihat nya, masyaallah""",Non-bullying,31 Mei 2021,@raffinagita1717,,
328,@nandadzrizkia,"""Ntar Mati dalam keadaan konyol""",Bullying,28 Maret 2020,@eeericko,,
95,@rubybee_16,"""Di foto tirus.. Kalo di video wariorr kok mukanya kek donat gak ada bentuknya""",Bullying,13 Desember 2020,@rosameldianti_,,
181,@dandipriambodo,"""Semangat gaga, jangan liat kebelakang fokus aja kedepan, masih muda masih banyak yg lebih baik juga.""",Non-bullying,8 Agustus 2020,@gagamuhammad,,
302,@meidika29500,"""Dihujat habis""an semua postingan lama ada komen baru wkwk""",Non-bullying,20 Maret 2020,@eeericko,,
443,@yudiansyah_anggara,"""Mending yang follow pada unfollow Udeh gausah ribet""",Non-bullying,2 Juni 2020,@eeericko,,
396,@xrygirlz,"""EH KEK ADA PENAMPAKAN LONTE""",Bullying,2 Juni 2020,@eeericko,,
537,@erdizairaputri,"""Lelaki yg mendapatkan km. Adalah lelaki yg beruntung.""",Non-bullying,24 Mei 2020,@syifahadjureal,,
375,@farhaadeliasiregar,"""Entah knp liat muka BG Eric sekarang kaya enak gitu .. dari pada yg dulu""",Non-bullying,7 Mei 2020,@eeericko,,
6,@e.fril,"""@ayu.kinantii isyan skrg berubah ya:( baju nya nakal""",Bullying,14 Oktober 2019,@isyanasarasvati,,
46,@lialiya25,"""Lu diem aja cantik mel kalo ga banyak gaya serius""",Non-bullying,20 Desember 2020,@rosameldianti_,,
353,@aaurellp,"""Gtu aj dh kek anjg lo kang""",Bullying,28 Maret 2020,@eeericko,,
642,@nikedamyan,"""MashaAllah… udh cantik, pinter, jago nyanyi dn mainin alat musik pula neng @isyanasarasvati ngefans bener ini mah""",Non-bullying,13 Februari 2021,@isyanasarasvati,,
457,@bengkulu__kocak,"""banyak banget omongan kasar disini, tobat lah kawan kawan.. cukup comment kasar nya""",Non-bullying,9 Agustus 2020,@eeericko,,
17,@menisa6634,"""Woy Lutfi asu , sok asik Lo ANJING !""",Bullying,8 Desember 2020,@lutfiagizal,,
49,@apelu.liat2,"""Meldi, emaknya buka klinik totok aura kayaknya anaknya gak pernah ditotok ya… auranya gak keliatan yg ada malah butek""",Bullying,22 Desember 2020,@rosameldianti_,,
629,@eitralala,"""makaseh jugaa kakaaa inyeeuuuu semoga aku bisa pantang menyerah seperti kakak dan teman musisi lainnya yaaa""",Non-bullying,28 September 2020,@isyanasarasvati,,
594,@aqidahhasrida,"""Cantik bajunya keren warnanya bikin pangling""",Non-bullying,30 April 2021,@raisa6690,,
4,@najla.yoo,"""Hai kak Isyana aku ngefans banget sama kak Isyana.aku paling suka lagu kak Isyana itu lagu tetap didalam jiwa""",Non-bullying,14 Oktober 2019,@isyanasarasvati,,
391,@naufal_fadillah.20,"""Kalian kaloga cocok mau di paksain?""",Non-bullying,2 Juni 2020,@eeericko,,
361,@mas_eng37,"""GUA MAU LO TERUS BERKARYA , PERBAIKI, TINGGALKAN YG NEGATIF , TIDAK ADA KATA TERLAMBAT , TTP JADI ORANG YG HEBAT DAN SELALU BAHAGIA @xrickolim""",Non-bullying,7 April 2020,@eeericko,,
317,@wijaya_stanleyp9,"""Foto jelek dihujat, foto ganteng dibilang sok ganteng""",Non-bullying,26 Maret 2020,@eeericko,,
284,@rafaelardan_,"""Potret ketika anjing poto dengan setan""",Bullying,20 Maret 2020,@eeericko,,
435,@fad_wolfie,"""Buat kalian para pens lonte jgn tkut listi Miskin krna dipecat, krna dia bsa kaya lgi, dgn cara ya nglonte""",Bullying,2 Juni 2020,@eeericko,,
286,@aji_0310,"""Udaah woii udahh lu gak kasihan apa…. Aku capek ngelike komenan kalian""",Non-bullying,20 Maret 2020,@eeericko,,
362,@mhmd.rfly24,"""Cita cita ingin jadi pakboi , eh tapi malah jadi narkoboy nasib-nasib""",Bullying,7 April 2020,@eeericko,,
226,@ajilpoo_,"""Tiap mau makan dibikin ama jess tpi malah ngehianatin gila sih""",Non-bullying,20 Maret 2020,@eeericko,,
27,@rubybee_16,"""Tak sejelek IMAGE Owner ya..? Artis ups bukan Artis? Hallo secara tidak langsung semua orang itu tau IMAGE lu jelek gentong!""",Bullying,27 Desember 2020,@rosameldianti_,,
619,@dinaeka33,"""Ga Taulah aku juga suka banget sama gayanya isyan""",Non-bullying,15 Agustus 2020,@isyanasarasvati,,
264,@mosessavero_,"""BARU KALI INI LIHAT ANJING SAMA BABI BAIKAN…""",Bullying,20 Maret 2020,@eeericko,,
51,@meta_fira,"""Maap kalau gua sering nyamain lu sama dugong soalnya emang mirip""",Bullying,22 Desember 2020,@rosameldianti_,,
230,@keylanamira01,"""Lu sama anjingnya, lebih baik anjingnya""",Bullying,20 Maret 2020,@eeericko,,
38,@rubybee_16,"""Kakinya gedong sayyy kek kaki jantan… Upp kan dia suka berbaur ama warwerwor.. Mahluk astral.. Yg kakinya gedong""",Bullying,26 Desember 2020,@rosameldianti_,,
158,@oliviacheecerezta,"""berdiri di kaki sendiri lebih baik""",Non-bullying,29 November 2020,@rosameldianti_,,
238,@_mang_agus_,"""Mantan Anjing, eh kebalik anjing mantan""",Bullying,20 Maret 2020,@eeericko,,
624,@adepraagoy,"""Udah cantik, rada gesrek tapi ya ini banyak kelebihannya, semangat tetap produktif""",Non-bullying,28 September 2020,@isyanasarasvati,,
176,@forthriftpurpose,"""Gua berharap lu aja si yg sakit bukan laura lol""",Bullying,8 Agustus 2020,@gagamuhammad,,#VALUE!
547,@_biiibill,"""dahlahh emang cantik luar dalam kmu ini cippp""",Non-bullying,17 Juni 2020,@syifahadjureal,,
418,@apaaja3181,"""Gajadi beli Model murahan barang pasti murahan""",Bullying,2 Juni 2020,@eeericko,,
195,@kicek_kocak,"""Eh bocah mending Lo mati aja GAK guna juga ada orang kayak lo hahahahaha""",Bullying,5 Mei 2020,@ferdianpalekaa00,,
549,@fettyfuriyanireal96,"""Suka bgtt sm kak cipaa.. orangnya humble sm semua orang dan banyak temannya juga""",Non-bullying,17 Juni 2020,@syifahadjureal,,
588,@dwihadianti,"""Gapaham lagi cakeup nya natural Masyaallah""",Non-bullying,9 Mei 2021,@raisa6690,,
628,@isyanaku,"""Keren banget!!! walaupun sebentar tapi mantap abis! Ditunggu karya selanjutnya ya kak! Stay safe and healthy isyana ku""",Non-bullying,28 September 2020,@isyanasarasvati,,
555,@um_ummah7,"""Seneng yaa lihat orang sukses meeting. Ya Allah pengen sukses kayak gitu biar ada status di instastory""",Non-bullying,31 Mei 2021,@raffinagita1717,,
68,@dona_pitria,"""Karena muka kayak elo pasaran dan murah…""",Bullying,22 Desember 2020,@rosameldianti_,,
384,@holiaulabenn,"""Harus lebih maju berkelas rik!! Ga jamannya lg toxic dan ga beraturan.. build sistem!! You will be BIG""",Non-bullying,2 Juni 2020,@eeericko,,
169,@zaskiaaaa97,"""Sekarang bukan muka aja yang didempul, tapi ketiak juga""",Bullying,29 November 2020,@rosameldianti_,,
389,@nikitadmynti.s,"""kok kalian komennya pada kek gini ya""",Non-bullying,2 Juni 2020,@eeericko,,
163,@ridho52517,"""Di atm tinggal 150 ribu aja banyak gaya lu dugong""",Bullying,29 November 2020,@rosameldianti_,,
310,@hafizdonjuan,"""ganteng kaga lu begitu malah keliatan kaya daki kontol""",Bullying,26 Maret 2020,@eeericko,,
194,@ha_ri2431,"""Di maafin aaa… semoga dia jera untuk kedepannya…""",Non-bullying,5 Mei 2020,@ferdianpalekaa00,,
415,@mylndll_,"""dikasih hati yg malaikat milih yg berhati iblis greget:(""",Bullying,2 Juni 2020,@eeericko,,
366,@vallz_12,"""Gigi lo ada apanya? Jigong? Atau kondom nya nyangkut?""",Bullying,7 April 2020,@eeericko,,
430,@ken_prohd,"""Jangan beli baju lonte entar kena sial""",Bullying,2 Juni 2020,@eeericko,,
153,@raffa_wahyu_abadi88,"""HBD meldi… Semoga sukses selalu dan panjang umur dan rejekinya di lancarkan.. Amin""",Non-bullying,29 November 2020,@rosameldianti_,,
557,@kadospesialmu.id,"""Fokus ke nagita pas mau minum masih sempet baca doa. keren bgt hasil dari didikan orang tua nya""",Non-bullying,31 Mei 2021,@raffinagita1717,,
404,@dadidawww__,"""ngapain juga nginap di rumah cowo, gaada keluarga lg lo?""",Bullying,2 Juni 2020,@eeericko,,
227,@frdriko_,"""Parah lu bang nama lu udh rusak karna narkoba malah nambah masalah ajh truss""",Non-bullying,20 Maret 2020,@eeericko,,
538,@raffajiah,"""Kamu mirip bgt ayahmu kalo adikmu mirip bgt mamamu""",Non-bullying,24 Mei 2020,@syifahadjureal,,
564,@anita_sari1892,"""Foto no edit edit ya saayy kamera nyaa bening,,, model fotonya pun juga bening gak perlu pakai filter tipu tipu""",Non-bullying,29 Mei 2021,@raffinagita1717,,
104,@thirsthing,"""makin cantik mel, semangat dietnyaa""",Non-bullying,11 Desember 2020,@rosameldianti_,,
470,@plugstamp,"""Trs berkarya walaupun brd di titik sprti ini""",Non-bullying,9 Agustus 2020,@eeericko,,
75,@maryamcici29,"""Mbak mell sehat dan sukses ya""",Non-bullying,31 Desember 2020,@rosameldianti_,,
508,@itsme_lila25,"""Cantik semua congrats kak msuk nominsi tc candler""",Non-bullying,5 April 2021,@maudyayunda,,
627,@bekkkyyyyy,"""yash we the fest even virtual tapi tetep keren bgt kak syann huaaa energi nya dpt bgt""",Non-bullying,28 September 2020,@isyanasarasvati,,
120,@choyrohnissaakbar,"""Dan yang paling saya heran cowokpun ikut ngebully, sabar meldi.""",Non-bullying,30 November 2020,@rosameldianti_,,
466,@yayanmulyana__,"""Sabar semua komentar ini ujian""",Non-bullying,9 Agustus 2020,@eeericko,,
569,@andra_jnsyah_14,"""Tambah gede aja rafathar ya tambah pinter ya Rafathar""",Non-bullying,29 Mei 2021,@raffinagita1717,,
612,@arsheilaa22,"""Ragu aja cantik kan kak, apalagi kalau serius""",Non-bullying,17 Maret 2021,@raisa6690,,
208,@mr_mantako,"""Anjing memang anak gak tau diri. ibunya sampai nangis2""",Bullying,5 Mei 2020,@ferdianpalekaa00,,
399,@fanzz14_,"""Pantes disini mulainya si ajg berulah""",Bullying,2 Juni 2020,@eeericko,,
423,@zhrmldiaa_,"""Padahal cantikan jessica kemana mana""",Non-bullying,2 Juni 2020,@eeericko,,
409,@ndysan,"""Kesihan gue sama org otak dangkal kek gini""",Bullying,2 Juni 2020,@eeericko,,
486,@rir8558,"""Cantik, pintar bertalenta, ortu mana yg gak kepengen punya anak kyk mba maudy""",Non-bullying,21 Maret 2021,@maudyayunda,,
9,@reniaulia225,"""Kok anaknya kayak udah tua gitu ya mukanya kk tasya""",Bullying,22 Juni 2019,@tasyakamila,,
597,@rzl_40,"""Raisa sekarang ngak monoton…. Jadi suka deh…. Sering2 kek gini….""",Non-bullying,10 April 2021,@raisa6690,,
37,@octaviandiajeng,"""Ini diedit biar langsing padahal mah klo live bomber badannya""",Bullying,26 Desember 2020,@rosameldianti_,,
140,@yoan_gunarto22,"""Gpp Mel semangat buat belajar trusssss jangan gampang nyerah pokoknya @rosameldianti_""",Non-bullying,10 Januari 2021,@rosameldianti_,,
254,@syafafalasifah,"""Sdh lh nasi udah jdi bubur ga bisa lagi dibentuk kek semulaaa""",Non-bullying,20 Maret 2020,@eeericko,,
304,@_abiyyuatha,"""Lu mirip anaknya kick andy yg namanya marlo bang""",Non-bullying,26 Maret 2020,@eeericko,,
542,@frdaanii24_,"""Pengen gw pacul mulut lo!! woii anjeng busuk""",Bullying,3 Maret 2021,@lutiagizal,,
469,@kennjiii_077,"""Erick masuk neraka jalur selingkuh bos""",Bullying,9 Agustus 2020,@eeericko,,
369,@ppendjol,"""Udah jelek gak usah d jelek2 in lagi bro""",Bullying,7 April 2020,@eeericko,,
60,@ooohh_vhie,"""Jangan disamain muka @rosameldianti_ sama orang oi. Mintanya disamain sama babi""",Bullying,22 Desember 2020,@rosameldianti_,,
112,@kikysisilyaa,"""Palsu badane diedit semua tu, aslinya dimana2 lemak""",Bullying,7 Desember 2020,@rosameldianti_,,
424,@ashha._,"""Dikasih bidadari malah milih sampah""",Bullying,2 Juni 2020,@eeericko,,
649,@antoniusbennys,"""Sampe ga bisa berkata2 lagi buat isyana, sangat2 sempurna org ini""",Non-bullying,13 Februari 2021,@isyanasarasvati,,
427,@ohh_alah,"""@rangga_kanahaya knp gk truck sampah, kek mukanya sampah""",Bullying,2 Juni 2020,@eeericko,,
263,@abrxrr,"""Postingan pertama jg dihujat dong gila netijen""",Non-bullying,20 Maret 2020,@eeericko,,
543,@salsabilangin,"""Sering blg ke org2 artis cewek yg menurutku paling cantik syifa sama ziu""",Non-bullying,10 Juni 2020,@syifahadjureal,,
298,@nico_muhammad99,"""Gua kira keluar dari PENJARA bisa berubah""",Non-bullying,20 Maret 2020,@eeericko,,
151,@harhexa,"""Selamat ulang tahun meldi sukses dan sehat terus ya….""",Non-bullying,29 November 2020,@rosameldianti_,,
267,@nnunnoadrn_,"""SIKAP MU LEBIH NAJIS DARIPADA LUDAH ANJING!""",Bullying,20 Maret 2020,@eeericko,,
591,@donnnaaaa____,"""Ya Allah ni orang apa peri, cantik amatt""",Non-bullying,30 April 2021,@raisa6690,,
360,@arga_kncn,"""Awalnya ngira baju endorse dari KFC, mirip '-'""",Non-bullying,7 April 2020,@eeericko,,
574,@nurainiikazulianaa,"""Ya allah ga tau knp ak suka setiap lihat nagita pake dress modelnya cakep cakep""",Non-bullying,31 Mei 2021,@raffinagita1717,,
39,@__yohanatan__,"""Bagusan foto pakai masker drpd gak pakai masker""",Non-bullying,26 Desember 2020,@rosameldianti_,,
128,@evaelvaninda,"""Maju trus ya sayang.. abaikan orang2 yg comment menyakitkan""",Non-bullying,30 November 2020,@rosameldianti_,,
417,@owengbrl,"""Dikasih bidadari malah minta lonte""",Bullying,2 Juni 2020,@eeericko,,
308,@seedflyy,"""@abatartila Ada ada aja kaya gini di bilang king, king muke nya udh kaya tai musang""",Bullying,26 Maret 2020,@eeericko,,
199,@setiawan_jo22,"""SAMPAH MASYARAKAT HARUS DI MUSNAHKAN SEGERA""",Bullying,5 Mei 2020,@ferdianpalekaa00,,
352,@joxaeline,"""Njr melet melet gw kirain hewan""",Bullying,28 Maret 2020,@eeericko,,
596,@hestipurwadinata,"""Udaaaahh nontonnnnn.. lagunya bajunya makeup dan hairdo nyaaa sukaakkkk""",Non-bullying,10 April 2021,@raisa6690,,
147,@wina_lim0922,"""Ketiaknya habis di amplas mel, alus banget""",Bullying,29 November 2020,@rosameldianti_,,
602,@ikaa6696,"""Aku udah. Dan sumpah bagus banget. Serasa liat cerita disney gitu""",Non-bullying,10 April 2021,@raisa6690,,
507,@nakhanadia12,"""Rambutnya kak modd bagussss… Item berkilauu""",Non-bullying,5 April 2021,@maudyayunda,,
420,@enaknyaja,"""muka macem pengamen gegayaan selingkuh, untung udh ga sm jane lg, kebanting sm jane muke lu""",Bullying,2 Juni 2020,@eeericko,,
576,@ens_gege,"""Mama gigi cantik banget… look younger than her age.. love mama gigi""",Non-bullying,31 Mei 2021,@raffinagita1717,,
148,@kimoratwindy,"""Udah diedit gitu, ketiak lu tetap hitam""",Bullying,29 November 2020,@rosameldianti_,,
613,@uswaaahs,"""Ngga alay. Ngga muluk muluk. Natural. Sukaaaa",Non-bullying,28 Juli 2020,@isyanasarasvati,,
349,@yustinushw,"""Sumpah sih jahat banget. Bener2 kasian sama kak jessica""",Non-bullying,28 Maret 2020,@eeericko,,
326,@squad_nihh_boss_official,"""Muka kek kontol mending di penjara""",Bullying,28 Maret 2020,@eeericko,,
471,@dfaayzaqp,"""Stop lah ngatain orang lain lu pada itu yg ngatain orang lain ngaca dlu sebelum ngatain kayak suci aja hidup lu pada""",Non-bullying,9 Agustus 2020,@eeericko,,
124,@julypit_ ,"""Unfoll aja daripada kalian dosa ngebully2 terus..""",Non-bullying,30 November 2020,@rosameldianti_,,
548,@masanggaofficial,"""Muka cantik tanpa make up hini, bahagia bgt kali ya yg jadi suaminya, bisa liat bidadari setiap harinya.""",Non-bullying,17 Juni 2020,@syifahadjureal,,
97,@rubybee_16,"""Artis abal-abal.. Muka putih tangan hitam… ager2 ATM nya udah isi berapa sekarang""",Bullying,11 Desember 2020,@rosameldianti_,,
144,@pikoochar,"""Happy birthday Mel sehat dan Sukses yah, Aamiin""",Non-bullying,29 November 2020,@rosameldianti_,,
240,@randy.bm_,"""Wiii anjay kapan lagi liat babi megang 2 anjing""",Bullying,20 Maret 2020,@eeericko,,
395,@annisachaan_,"""Cocok banget sama2 orang gak bener biar lah dia hancur bersama""",Bullying,2 Juni 2020,@eeericko,,
454,@naufal.apta7,"""Bro buat lu pada yg ngehujat erick tpi masih punya masala sendiri jangan sok keras""",Non-bullying,9 Agustus 2020,@eeericko,,
98,@pendekar_payunghitam,"""Itu muka kayak penuh tekanan banget""",Bullying,11 Desember 2020,@rosameldianti_,,
372,@cal1s_,"""Udah tutup mulut nya bau kambing""",Bullying,7 April 2020,@eeericko,,
325,@riotw35,"""Sana anjing ngewe ama lonte bangsat""",Bullying,28 Maret 2020,@eeericko,,
280,@ramdhn._.n,"""Kalo disuruh melihara anjing/eric gw pilih anjing aja meski Najis tapi lebih najisan erick kontol""",Bullying,20 Maret 2020,@eeericko,,
294,@deksiyan_,"""Kok lbih lucu anjingnya ya ktimbang orangnya""",Bullying,20 Maret 2020,@eeericko,,
255,@ferdiikun,"""Kukira kehadiranmu akan menjadi sesuatu kebanggaan, ternyata tidak""",Non-bullying,20 Maret 2020,@eeericko,,
401,@_leean3,"""Buah nangka buah kemanggi gak ada akhlak lu babi""",Bullying,2 Juni 2020,@eeericko,,
123,@amandanna30,"""Caption aja COPAS! Cantumin credit dong, dasar iblis""",Bullying,30 November 2020,@rosameldianti_,,
184,@anq.olshop,"""Tetap semangat…. sebaik apapun kamu akan dalah Dimata pembenci…..""",Non-bullying,13 Januari 2021,@rosameldianti_,,
203,@zr_cho,"""Jangan ada hitam diatas putih. Langsung proses""",Non-bullying,5 Mei 2020,@ferdianpalekaa00,,
439,@rahmahakya,"""Ih ko muka jelek banget siii serem kek setan""",Bullying,2 Juni 2020,@eeericko,,
324,@retfyfiani,"""Muka nya kok gitu, seren bikin mual liatnya""",Bullying,28 Maret 2020,@eeericko,,
247,@biancapratiwi_,"""kalo lomba sama""an sm babi, babi nya nmr 2""",Bullying,20 Maret 2020,@eeericko,,
416,@hvo.id,"""Di kasih bidadari malah pilih kotoran""",Bullying,2 Juni 2020,@eeericko,,
539,@rahmaaaaliaaaaa,"""Kakak udah cantik sii, tapi cantikan lagi kalo pake hijab""",Non-bullying,24 Mei 2020,@syifahadjureal,,
489,@aqxa_nadya,"""Mbak cadel yg bangga dengan cadelnya,, Harusnya sih kasihan karna cadel tapi lama"" jadi jijik kenapa gak sekalian bisu aja""",Bullying,1 Juni 2021,@dennisechariesta,,
540,@anisaanis62,"""Gemeshh rasanya kaya aku pengen cubit""",Non-bullying,9 Juni 2020,@syifahadjureal,,
494,@dwisetyaakns24af,"""Semoga kecerdasan Mbak Maudy bermanfaat bagi agama, nusa, dan bangsa.. Aamiin""",Non-bullying,22 Maret 2021,@maudyayunda,,
573,@amaliapuspitasari20,"""mama gigi ketemu gajah. gajahnya seneng sampai ketawa gitu ahhaha.""",Non-bullying,31 Mei 2021,@raffinagita1717,,
468,@real_sya9818,"""Yang sabar yah,tetep semangat ngejar karirnya jangan dengerin kata orang mereka Cuma bisa ngebacot di komen doank""",Non-bullying,9 Agustus 2020,@eeericko,,
126,@kikysisilyaa,"""Editan softlensnya keluar itu mbaknya, kayak ratu titisan ular kamu wkwkwk""",Bullying,30 November 2020,@rosameldianti_,,
403,@kristin26_,"""Biarkan @sk69official bangkrut aja. CEO nya gatau trimakasih haha""",Bullying,2 Juni 2020,@eeericko,,
513,@misnasari26,"""Bang sering-sering dong buat vidio bareng sutan dia kayanya juga seneng ama bang jerom""",Non-bullying,27 Februari 2021,@jeromepolin,,
497,@pptsptyn,"""cantik sih, tapi sayang kurus ya. padahl udh nikah lo, kurang bahagia sama pernikahannya?""",Bullying,19 Desember 2020,@isyanasarasvati,,
224,@yusuf_rafi20,"""Inget yg di potong itu masalah nya bukan hubungan nya, tapi kalo udah gini sembeleh aja orang nya :) udah terlanjur kecewa""",Bullying,20 Maret 2020,@eeericko,,
343,@azzahrariyaanni,"""G bole melet dosaa rik""",Non-bullying,28 Maret 2020,@eeericko,,
54,@evilsilviani27,"""Ya emang ga ada yang sama soalnya muka kamu sama dengan muka badak, muka beton, ga ada malu,,,""",Bullying,22 Desember 2020,@rosameldianti_,,
220,@izgraphic,"""Intinya gasuka ajg selama ada listy . Ngrusak suasana""",Bullying,20 Maret 2020,@eeericko,,
130,@kevin_mara88,"""Semangat mel, bahasa asing mah yang penting kita berani pasti entarnya bisa""",Non-bullying,10 Januari 2021,@rosameldianti_,,
589,@kroniktron,"""Raisa mah tipe cantik tapi sopan santun pakaiannya""",Non-bullying,9 Mei 2021,@raisa6690,,
474,@mantap2560,"""Kasian yah sdh stress banyak masalah""",Bullying,13 Januari 2021,@eeericko,,
187,@zulfaqinan,"""Tangannya hitam… beda ama muka""",Bullying,13 Januari 2021,@rosameldianti_,,
592,@novidianprismaw,"""Kenapa cantik banget aku heran dilihat dari samping kanan kiri depan dll tetep aja cantik""",Non-bullying,30 April 2021,@raisa6690,,
440,@dzlsmnaa,"""Itu yang foto ketiga jablay murahan bukan?""",Bullying,2 Juni 2020,@eeericko,,
618,@no_chuuuuu,"""mba isyana udah cantik suaranya bagus kompeten pula, ah sukaaaa""",Non-bullying,15 Agustus 2020,@isyanasarasvati,,
101,@mywibowo,"""Kang ojek kali belang tangannya""",Bullying,11 Desember 2020,@rosameldianti_,,
484,@gracepala04,"""Paket lengkap deh.. udh cantik pintar lagi""",Non-bullying,21 Maret 2021,@maudyayunda,,
387,@rulyysetiawan87,"""LO YANG DULU BUKANLAH YANG SEKARANG DULU KAYA ANJING SEKARANG KAYA BABI""",Bullying,2 Juni 2020,@eeericko,,
630,@isyanation.batam,"""Thank you juga, Syan! Seneng banget kemarin haha! Semoga setelah pandemi ini, semua rencana dilancarkan ya, Syan!""",Non-bullying,28 September 2020,@isyanasarasvati,,
295,@ninini.nt,"""Akhirnya jesica bisa lepas dari kambing hitam ini""",Bullying,20 Maret 2020,@eeericko,,
268,@RZIKIILHAM568,"""Njir meskipun udh lama nih poto di post tapi masih banyak yg komen baru2""",Non-bullying,20 Maret 2020,@eeericko,,
52,@aii_rinz95,"""Iya lo kamu mirip monyet mel""",Bullying,22 Desember 2020,@rosameldianti_,,
442,@mvq024,"""Emang kalian se suci apa sampai nghina dia segitu nya""",Non-bullying,2 Juni 2020,@eeericko,,
558,@ciky_yy,"""Kasihan ya , Nagita punya suami kerjaannya berzinah terus""",Bullying,31 Mei 2021,@raffinagita1717,,
113,@taniaaw123,"""Udah dapat kontrak dari skincare ttp aja buluk mel""",Bullying,7 Desember 2020,@rosameldianti_,,
180,@ptriazkytlf,"""Si gaga kok kek anjing""",Bullying,8 Agustus 2020,@gagamuhammad,,
519,@itsme_inr,"""Yakinin dulu niatnya bg… Semoga sukses""",Non-bullying,17 Februari 2021,@jeromepolin,,
622,@hasana_usna,"""Congrats kak, kamu memang pantes mendapatkannya""",Non-bullying,04 April 2021,@isyanasarasvati,,
532,@riskyapp,"""Kok makin dewasa makin imutt aih cipaaaaaa""",Non-bullying,6 Mei 2020,@syifahadjureal,,
526,@_silnora05,"""Kak Jerome, bagi trik biar bisa paham dan ingat cepat rumus matematika, dung:)""",Non-bullying,7 Maret 2021,@jeromepolin,,
374,@brandyy_26___,"""Kayak Randy Pangalila klo gk pake kacamata""",Non-bullying,7 Mei 2020,@eeericko,,
315,@zorgiansyah,"""Gini dong bersihan kaga kek tahun tahun sebelumnya dekil""",Bullying,26 Maret 2020,@eeericko,,
463,@aimdumb,"""jelek dapet selingkuhan jelek juga keren yaa imbang wkkw""",Bullying,9 Agustus 2020,@eeericko,,
152,@rika_chuby,"""Fotonya lainnya jangan yang ini, kan masih banyak yang lebih cantik ihhh biar gak kena hujat kamu ihh, aku mah kasihan""",Non-bullying,29 November 2020,@rosameldianti_,,
172,@christinaona5,"""Miris banget… ultah bukan didoain yang baik2 tapi tetap di bully kasian !! God bless u mel""",Non-bullying,29 November 2020,@rosameldianti_,,
234,@kirananti1,"""TETEP PENJARA AJA AJG NYUSAHIN LO KELUAR""",Bullying,20 Maret 2020,@eeericko,,
307,@destiatnrr_,"""Suka banget sama rambutnyaa tambah ganteng""",Non-bullying,26 Maret 2020,@eeericko,,
514,@cutmustikadela,"""Klu @jeromepoline buat video tapi berdua aja seharian sama anak kecil, hahah lucu juga gimana riwehnya""",Non-bullying,27 Februari 2021,@jeromepolin,,
165,@ginaiswahyuningsih,"""Si Meldi jelek aja banyak gaya. Beda banget sm tante n sepupunya yang udah jelas2 cantik""",Bullying,29 November 2020,@rosameldianti_,,
318,@rejabiann,"""kebanyakan nyabu jadi kurus lu""",Bullying,28 Maret 2020,@eeericko,,
137,@fimauni,"""Semangat untuk belajar ya… saya uga gak bisa bahasa inggris""",Non-bullying,10 Januari 2021,@rosameldianti_,,
411,@hfizdonjuan,"""senengnya sekali nyesel nya seumur hidup, miris banget hidup lu tolol meninggalkan berlian yang indah dipandang dan di sayang demi segumpal tai kucing""",Bullying,2 Juni 2020,@eeericko,,
578,@desysr,"""Pakaian apapun yg dipake mama gigi selalu keceee""",Non-bullying,31 Mei 2021,@raffinagita1717,,
198,@fran_oez11,"""Lu Mati ajalah . Udah biar gak bikin ribet""",Bullying,5 Mei 2020,@ferdianpalekaa00,,
359,@chindyylls,"""Lidah banyak kuman and virus nih""",Bullying,28 Maret 2020,@eeericko,,
259,@gilbert_gotardo,"""Eh jangan dekat dekat sama anjingnya ci Jessica gua lempar lu""",Bullying,20 Maret 2020,@eeericko,,
233,@allyv_zkrri,"""Narkoboy kontol, Cuma bisa maen cewe sama nyakitin doang lu anjing, mati aja lu bego""",Bullying,20 Maret 2020,@eeericko,,
534,@windasarimulyadi,"""Nih orang manis bnget sihh ga ngerti lagi""",Non-bullying,6 Mei 2020,@syifahadjureal,,
116,@rereresty94,"""Jujur aku lebih suka meldi yang sekarang daripada yang dulu suka ngehujat orang""",Non-bullying,7 Desember 2020,@rosameldianti_,,
121,@rubybee_16,"""Astaga… Ratu edit muka.. Sumpah seren kayak film setan2 gitu…..""",Bullying,30 November 2020,@rosameldianti_,,
446,@lilac_loversss,"""Alasan setan ama setan, KARNA KALO SETAN SAMA BIDADARI, SAYAPNYA RONTOK, DICEKER, DIGIGIT, DIJAMBAK2""",Bullying,2 Juni 2020,@eeericko,,
283,@_raibaru19,"""Ternyata sipat anjing bukan hanya ada di anjing doang ya,di manusia sipat anjing juga ternyata ada""",Bullying,20 Maret 2020,@eeericko,,
377,@cxxrloo,"""keknya dia ngeliat masa depan yang hancur deh""",Bullying,7 Mei 2020,@eeericko,,
385,@ramadhanap__,"""editan sama konsepnya nice banget lahhh""",Non-bullying,2 Juni 2020,@eeericko,,
225,@shinlamanepa,"""Ini buat konten.. masa putus foto tabi sama jessica engga dihapus ?""",Non-bullying,20 Maret 2020,@eeericko,,
617,@rahmatikarsyita,"""mba isyana foto gelap2an gini aja aesthetic bgt ya""",Non-bullying,28 Juli 2020,@isyanasarasvati,,
529,@ini.ataaaa,"""Mirip ama aktor korea yg main di film reply 1988 yg jadi kaka nya jung hwan wkwk""",Non-bullying,15 Maret 2021,@jeromepolin,,
473,@jenio_rh,"""Jadi gila kau rupanya karna gak laku lagi di YouTube""",Bullying,13 Januari 2021,@eeericko,,
348,@lilianaameera,"""Muka kek slangkangan biawak aje bnyk blagu lu""",Bullying,28 Maret 2020,@eeericko,,
506,@sla_metwidodo1111,"""Kakak sama adek sama sama cantik ya aku suka sama dua duanya""",Non-bullying,5 April 2021,@maudyayunda,,
640,@amalia.oktafina,"""definisi minat ketemu bakat ketemu kerja keras""",Non-bullying,13 Februari 2021,@isyanasarasvati,,
600,@biannasution,"""Ya ampun kak makan apa sih kok bisa cantik banget""",Non-bullying,10 April 2021,@raisa6690,,
550,@itsme.imel__,"""Artis remaja di Indonesia yg manis bgt kalo senyum Cuma dia deh perasaan yg nempel di hati""",Non-bullying,17 Juni 2020,@syifahadjureal,,
86,@drian_riza,"""Lagu lu ga ada yang laku ya mel??""",Bullying,18 Desember 2020,@rosameldianti_,,
243,@liviarmdhy,"""SESAMA ANJING FOTO DULU YA KAN""",Bullying,20 Maret 2020,@eeericko,,
160,@ulfahh_zakiya,"""Sumpah demi apapun.. Lengan nya gede banget""",Bullying,29 November 2020,@rosameldianti_,,
525,@belumadajudullagi,"""Kaya tulus ya mukanya klo diliat2""",Non-bullying,7 Maret 2021,@jeromepolin,,
36,@rani__ara,"""Suka heran sama yg ngehina fisik,, ternyata bener ya kita semua pendosa dengan cara kita sendiri,,""",Non-bullying,26 Desember 2020,@rosameldianti_,,
171,@hugoovianaaa,"""Yang merasa peliharaannya lepas, tolong diangkut""",Bullying,29 November 2020,@rosameldianti_,,
552,@yuki_takesy,"""Rafathar nya mantull ni, pulang nggk jd nginep karna nggk ada temen mamany d rmh papany belum pulangg.. jd jagain dan temenin mama dulu  ya aa""",Non-bullying,31 Mei 2021,@raffinagita1717,,
544,@kylagluh,"""Ka cipa tu uda cantik, baik, manis bgt pula, manisnya tu nglebihin gula""",Non-bullying,10 Juni 2020,@syifahadjureal,,
611,@ayyuintn,"""Ka yaya kalo ragu tetep secantik itu yah :"")""",Non-bullying,17 Maret 2021,@raisa6690,,
96,@mokarin_a,"""Dari sekian banyak foto yang diposting, ini yang paling cantik""",Non-bullying,11 Desember 2020,@rosameldianti_,,
241,@vrtma24,"""Ini adalah foto babi sedang memeluk anjing yg pemilik nya adalah bidadari""",Bullying,20 Maret 2020,@eeericko,,
461,@edwin.afr,"""Jangan di bales komen hate bang bikin sakit jempol, mending lanjut berkarya:)""",Non-bullying,9 Agustus 2020,@eeericko,,
587,@malikah_06,"""makin tua makin muda yehh mukanya, mana cantik bngett mo nangiss ampun cantik terus ka yaya""",Non-bullying,9 Mei 2021,@raisa6690,,
207,@arief_metafora_,"""maklum anak kurang pendidikan kayak gitu gak punya akhlak""",Bullying,5 Mei 2020,@ferdianpalekaa00,,
393,@afrianyriz_,"""Cocok kok, emang orang baik mah buat org baik, kalo yg bejat mah emang cocok buat yang bejat juga ehehe""",Bullying,2 Juni 2020,@eeericko,,
398,@rzkychdra_,"""Ini bukan era lo lgi, wkwkw skrng lo penuh dengan cacimaki, telen ludah sendiri""",Bullying,2 Juni 2020,@eeericko,,
545,@patmisrisupatmi501,"""Dilihat sekilas pun tampak jelas kalau cantikkan syifa""",Non-bullying,10 Juni 2020,@syifahadjureal,,
218,@lidiii.lyy16,"""Ilang respect gue.. padahal jane udh setia bgt sama lu, tapi lu nya main cewe pas udh keluar dri penjara.. lol""",Non-bullying,20 Maret 2020,@eeericko,,
5,@dessy_______,"""Manusia apa bidadari sih herann deh cantik terus 😌♥️""",Non-bullying,14 Oktober 2019,@isyanasarasvati,,
577,@deni_riski,"""Semoga adeknya rafathar menjadi anak yang tangguh kuat cerdas""",Non-bullying,31 Mei 2021,@raffinagita1717,,
99,@macankonner_streetfighter,"""@rosameldianti_ cowokmu wajah nya culun dan cupu kayak om2""",Bullying,11 Desember 2020,@rosameldianti_,,
407,@ldydna_,"""Dikasih bidadari malah milih dajjal awokawok:v""",Bullying,2 Juni 2020,@eeericko,,
503,@musaasep_,"""Adiknya Kak Maudy, cantik, pinter, aura positifnya keluar, ramah, lemah lembut, rajin, sholeha""",Non-bullying,5 April 2021,@maudyayunda,,
48,@priskaaben,"""Semakin glowing say… natural kayak gini bagus tambahin prestasi nya ya say""",Non-bullying,20 Desember 2020,@rosameldianti_,,
33,@depoy110,"""Cakep kaga jelek iya HAHAH""",Bullying,28 Desember 2020,@rosameldianti_,,
201,@setyawan_yoyok,"""youtuber toxic, tutup akunmu sekalian tutup usia""",Bullying,5 Mei 2020,@ferdianpalekaa00,,
135,@macorask,"""Kereennnn.. dari bully.an netizen menjadikanmu mau belajar""",Non-bullying,10 Januari 2021,@rosameldianti_,,
28,@syi_faalatas,"""Apaan sih gak jelas hidupnya""",Bullying,28 Desember 2020,@rosameldianti_,,
568,@azizah_rahman10,"""Kaya adek kakak.. kak gigi keliatan muda banget""",Non-bullying,29 Mei 2021,@raffinagita1717,,
231,@jeremyya_,"""IH ADA BABI JGN MEGANG TUH ANJING HARGA DIRINYA LEBIH TINGGI DRIPADA LO""",Bullying,20 Maret 2020,@eeericko,,
490,@lailmfdh,"""Uda pinter, cantik gak kebanyakan tingkah. Perfect""",Non-bullying,22 Maret 2021,@maudyayunda,,
379,@benie_dermawan,"""Yaaaa yaaa kalo liat muka nya sumpah ngeselin banget dah….oprasi dulu sono..biar gantengan dikit.. Dan kalo jln ke mall gk di kenal orng.""",Bullying,7 Mei 2020,@eeericko,,
289,@rizal.saputraa_,"""Kasian anjing nya di pegang babi""",Bullying,20 Maret 2020,@eeericko,,
419,@idoyalam,"""Modelny aja murahan apalagi barangnya""",Bullying,2 Juni 2020,@eeericko,,
392,@gideonadi.1st,"""ya biarin @xrickolim kita gatau gimana aslinya masa kalian semua ambil keputusan sepihak?kalo udah takdir gaada yang bisa nentang njir""",Non-bullying,2 Juni 2020,@eeericko,,
499,@ekaacahyaaa,"""kakak cantik bgt bismillah cerdasnya nular""",Non-bullying,2 April 2021,@maudyayunda,,
139,@momski_sri,"""Salut Mel.. semangat belajar, yg ngetawain juga belum tentu bisa Dan berani..""",Non-bullying,10 Januari 2021,@rosameldianti_,,
63,@jannahfamily1111,"""Mukanya kalau gak dibantu kamera dekil dan kumel""",Bullying,22 Desember 2020,@rosameldianti_,,
472,@dztaaaaa_,"""Yang ngatain keknya idupnya gapernag bikin kesalahan""",Non-bullying,9 Agustus 2020,@eeericko,,
129,@bilqistiarais,"""Kasihan ya kamu @rosameldianti_ Hidup sekali cuman buat bahan hujatan masyarakat… Mubadzir banget deh hidup lo… Napa gak bunuh diri aja?""",Bullying,30 November 2020,@rosameldianti_,,
633,@embunwibisono,"""Berharap bisa menghadirkan musisi dgn genre yang lain dr yg sudah ada di industri… biar musik Indonesia lebih berwarna""",Non-bullying,20 Oktober 2020,@isyanasarasvati,,
521,@olla.azizah,"""Cuman rumus diet ini yg ga bisa dipecahka ya bang?""",Non-bullying,17 Februari 2021,@jeromepolin,,
65,@taniaaw123,"""Meldi udah dapat kontrak endorse skincare ya tapi kok mukanya tetap jelek si?""",Bullying,22 Desember 2020,@rosameldianti_,,
15,@rurrizki_maulana,"""ANAK TOLOL INI MULAI AKTIF YA BUND""",Bullying,28 Oktober 2020,@lufiagizal,,
157,@niken_mutiara_sary,"""Hbd mbak mel tambah cantik di panjangkan umurnya dan sehat selalu""",Non-bullying,29 November 2020,@rosameldianti_,,
41,@maskersssssj,"""Bra nya kedodoran kak make ukuran gede yaa""",Bullying,20 Desember 2020,@rosameldianti_,,
493,@breath_ice2,"""Motivasi ku ka Maudy cantipp bngt""",Non-bullying,22 Maret 2021,@maudyayunda,,
380,@aralinaphee,"""dia ini siapa sih??? Artis bukan, jelek mah iya mukanya iyuhhh""",Bullying,7 Mei 2020,@eeericko,,
188,@sabil.naura.2,"""Kok meldi di foto aku gendut beda""",Bullying,13 Januari 2021,@rosameldianti_,,
217,@26cc.l,"""DIKASIH BIDADARI MAUNYA BONEKA SANTET""",Bullying,20 Maret 2020,@eeericko,,
53,@dwiengine,"""Bagusan pantat panci aing atuh anjir""",Bullying,22 Desember 2020,@rosameldianti_,,
338,@gudlukinhmn,"""Ngapa lidah Lo stroke amin deh kalau gtu""",Bullying,28 Maret 2020,@eeericko,,
296,@rayyan11079,"""Maafin Aja Bro Semua Orang Pasti Ada Kesalahan Dia Juga Pasti Ada Kesalahan Nasehatin Aja Siapa Tau Dia Berubah""",Non-bullying,20 Maret 2020,@eeericko,,
252,@umawww_,"""Tapi bagus sih erick mutusin Jessica ya karna Erick kelakuan ny begituu coba liat Jessica""",Non-bullying,20 Maret 2020,@eeericko,,
462,@okkybray,"""Eh lo nyadar ga ? Udah dekil terus tatoan, jadi nya kaya daki haha""",Bullying,9 Agustus 2020,@eeericko,,
456,@murtiani940,"""Hadehh muka kaya tong sampah .""",Bullying,9 Agustus 2020,@eeericko,,
648,@rikzikmuktyana,"""paling ngiri liat orang keren maen alat musik dan dalem banget nikmatin permainan sendiri""",Non-bullying,13 Februari 2021,@isyanasarasvati,,
270,@mhmmdtaufik_7,"""Buset hate comment ampe postingan paling bawah""",Non-bullying,20 Maret 2020,@eeericko,,
202,@gunawan_fahreza,"""Pada ribet kayak udah pada benar aja lu semua""",Non-bullying,5 Mei 2020,@ferdianpalekaa00,,
162,@dicka_1991,"""Ketiak hitam buluk mau lu edit nutupin daki diketek lu tetap aka hitam ketiak lu, dasar Dugong @rosameldianti_""",Bullying,29 November 2020,@rosameldianti_,,
556,@etikawatianiek,"""smga semua kelg dan crew sehat semua.. dan rejeki trs lancar ya kak gigi..""",Non-bullying,31 Mei 2021,@raffinagita1717,,
402,@kntl0_0,"""Perlahan karirmu ancur bro dan lu akan kembali kebawan""",Bullying,2 Juni 2020,@eeericko,,
477,@o_em_ji,"""erick yang kek gini yang gua kangenin, keep it up bruuh""",Non-bullying,13 Januari 2021,@eeericko,,
106,@mamggala,"""Mel disini kamu keliatan cakep""",Non-bullying,11 Desember 2020,@rosameldianti_,,
566,@mraldiani,"""Nagita masa kaya anak muda coba cantikk bangeett""",Non-bullying,29 Mei 2021,@raffinagita1717,,
390,@keyzha.anindia,"""Rick lu tuh jadi manusia kek gk ada gunanya lu dilahirin kedunia untuk berbuat baik, sayang nya lu ngecewain org lain gimana mo masuk surga""",Bullying,2 Juni 2020,@eeericko,,
2,@fenninbl,"""makan nasi padang aja begini badannya""",Non-bullying,14 Oktober 2019,@isyanasarasvati,,
607,@sessy_abramsz,"""Warna yang paling bikin Raisa makin shinning itu merah, hitam, putih, pink and emerald""",Non-bullying,17 Maret 2021,@raisa6690,,
562,@inaciac7,"""Lucunya berasa kayak kaka dan adek""",Non-bullying,29 Mei 2021,@raffinagita1717,,
81,@pmonaapr,"""Kasian editornya sih ini, nanggung dosa banget kayaknya ngeditnya offside gini""",Bullying,18 Desember 2020,@rosameldianti_,,
206,@adhiprasetyop,"""Manusia anjing. Nyari uang gitu amat. Lo kerja aja sama gue nyebokin gue ntar gue gaji lo.""",Bullying,5 Mei 2020,@ferdianpalekaa00,,
35,@chenul98,"""Kakinya kek lagi hamil tua ya bun, semacam kaki gajah @ayuugsia""",Bullying,26 Desember 2020,@rosameldianti_,,
509,@chrysputami,"""Maudy enak bet dah cantik iya pinter iya""",Non-bullying,5 April 2021,@maudyayunda,,
428,@cep.juned,"""Gajadi beli, takut ketularan lonte nya""",Bullying,2 Juni 2020,@eeericko,,
455,@kiy12456,"""Semangat Rick untuk usaha barunya""",Non-bullying,9 Agustus 2020,@eeericko,,
367,@cxxrloo,"""ih mukanya kek anjing rumah gwa""",Bullying,7 April 2020,@eeericko,,
92,@riska_wn27,"""Cantik banget kalau pakai baju kayak gitu""",Non-bullying,13 Desember 2020,@rosameldianti_,,
340,@ms.rquell,"""Org kampung otak dusun gaya sosoan hype. Ttep aja gabisa nutupin muka babu lu.""",Bullying,28 Maret 2020,@eeericko,,
565,@riostryn,"""Look-nya Rafathar emang gak bisa dipungkiri, diborong gen mama gigi semua HAHA.""",Non-bullying,29 Mei 2021,@raffinagita1717,,
346,@anggi.bharuddin,"""ni anak lahir krna kondom bocor.. ga ada rasa syukur muka kyk selangkangan gorilla dpt cewe cntik kyk jessica setia dll malah di sia2in bgsad""",Bullying,28 Maret 2020,@eeericko,,
242,@cyr.yra,"""Babi g pantes nyentuh anjingnya bidadari, nanti kotor.""",Bullying,20 Maret 2020,@eeericko,,
14,@erma_09,"""Sepertinya Lutfi setelah putus dgn salsa seperti orang stress""",Bullying,24 Desember 2020,@lutfiagizal,,
316,@anisazaharaf,"""Muka lu keriput kek aki aki""",Bullying,26 Maret 2020,@eeericko,,
601,@dhinie_jm,"""Ya allah kek anak yg msh batita klo lg ngambek manyunnya begitu, gemes hahaha""",Non-bullying,10 April 2021,@raisa6690,,
388,@gadiiiiisssss,"""Jelek aja tukang selingkuh lo buriq !""",Bullying,2 Juni 2020,@eeericko,,
274,@callme__riska26,"""astaga masih pagi dibikin ngakak ama komenan netijen yg ngmng suka bener""",Non-bullying,20 Maret 2020,@eeericko,,
167,@darkangel025_,"""Ngedit ketiaknya berapa lah dah itu ya ampe ngeblur pisan.. Putihnya kek cat tembok""",Bullying,29 November 2020,@rosameldianti_,,
645,@ana.dani,"""Sumpah demi allah bagus bangett kereennn merinding ak nya.. dengerin sampe abis tiba2 aja ampe netesin air mata""",Non-bullying,13 Februari 2021,@isyanasarasvati,,
485,@kasih_sliver87,"""Sukaa bnget sm artis ini… nggak neko2.. dan natural bngett""",Non-bullying,21 Maret 2021,@maudyayunda,,
635,@nurul.hikmah396,"""Bener bener idola, dr musisi yang dipandang sebelah mata sampe buat label musik sendiri, congrats syan""",Non-bullying,20 Oktober 2020,@isyanasarasvati,,
505,@wenddyfanny19,"""Yang satu nya mirip Ariana grande""",Non-bullying,5 April 2021,@maudyayunda,,
244,@nayyx_ra,"""potret seorjing memegang anjing kwkw""",Bullying,20 Maret 2020,@eeericko,,
567,@aprillia_raffa,"""Masyaallah mamany cantik anakny ganteng, perfect""",Non-bullying,29 Mei 2021,@raffinagita1717,,
563,@medianatambunan,"""Itu wajah nagita kya masih umur 20an""",Non-bullying,29 Mei 2021,@raffinagita1717,,
190,@dewie_ten11,"""Baik buruk nya kamu akan tetap terlihat buruk di mata mereka yang ga menyukai mu..""",Non-bullying,13 Januari 2021,@rosameldianti_,,
476,@wiliamsiant,"""Karir turun jadi autis kasian hahah""",Bullying,13 Januari 2021,@eeericko,,
511,@oneuldo_orenji12,"""Bang jerome KLO nyanyiny kek gini bagus suaranya ganyangkaaa""",Non-bullying,27 Februari 2021,@jeromepolin,,
59,@rifkohalim,"""Jari jari nya gede gede banget, apalagi pas ngiklan makan ikan danau hambar, jarinya kayak jempol semua hawak bener""",Bullying,22 Desember 2020,@rosameldianti_,,
475,@fjrnstyawan_,"""Kok jatohnya malah kek ajg sih rikkk""",Bullying,13 Januari 2021,@eeericko,,
561,@ulfanadz,"""Kok mirip siwon ya lama2, apa perasaan gw aja.""",Non-bullying,31 Mei 2021,@raffinagita1717,,
253,@immjeafhlvi_,"""Anjing sekarang hebat ya, bisa pake kacamata""",Bullying,20 Maret 2020,@eeericko,,
22,@sekiya.sat,"""Setengah iri setengah jadi motivasi ini""",Non-bullying,25 Oktober 2020,@kalinaocktarany,,
314,@ekoxapriyanto,"""Apa si hebatnya banci yg badannya penuh koreng kaya lo""",Bullying,26 Maret 2020,@eeericko,,
460,@tinushanstats,"""Tuhan yesus baik semangat rick""",Non-bullying,9 Agustus 2020,@eeericko,,
161,@ummu.valen,"""Selamat ulang tahun panjang umur sampai ketemu dajjal""",Bullying,29 November 2020,@rosameldianti_,,
277,@andrydhstywn,"""Astaga ngehujat sampe postingan paling bawah""",Non-bullying,20 Maret 2020,@eeericko,,
192,@hendrik_baronn,"""Dasar Bego lu.. gua jijik sama lu bro kayak gak punya otak banget""",Bullying,5 Mei 2020,@ferdianpalekaa00,,
386,@mchll.ra,"""iri kok sama babi hahah najis""",Bullying,2 Juni 2020,@eeericko,,
414,@christimrbn._,"""siapapun tolong kasih tau aku ini masalah nya apaa gais""",Non-bullying,2 Juni 2020,@eeericko,,
492,@urbbnaya,"""Bikin konten Youtube daily activity di Stanford dong kak @maudyayunda""",Non-bullying,22 Maret 2021,@maudyayunda,,
344,@mel.echan,"""paan melet melet mau jilat tai tabi?""",Bullying,28 Maret 2020,@eeericko,,
309,@lanzx.ml,"""Ninggalin berlian demi tai babi dih""",Bullying,26 Maret 2020,@eeericko,,
131,@sidrarachman,"""Beda sama d foto yaa.. Disini lebar banget mukanya maaf itu kalau foto editan ya""",Bullying,10 Januari 2021,@rosameldianti_,,
100,@yulimaya89,"""Masyaallah cantik terlihat sopan dan anggun""",Non-bullying,11 Desember 2020,@rosameldianti_,,
373,@bram_reza,"""Jualan jualan knp ngga jadi yutuber lagi bro takut ngga ada yg nntn yah""",Bullying,7 Mei 2020,@eeericko,,
88,@agustindian276,"""Suka heran sama warga +62 sukanya ngehujat orang mulu, dapat pahala kagak dosa mah iya""",Non-bullying,18 Desember 2020,@rosameldianti_,,
459,@habibiwijaya_,"""Semangat bang, walaupun banyak orang yang ngejudge lu. Jangan peduliin mereka""",Non-bullying,9 Agustus 2020,@eeericko,,
331,@your667_,"""NIH ORANG KALO LOMBA MIRIP BABI,BABINYA JUARA 2""",Bullying,28 Maret 2020,@eeericko,,
215,@zanuri111,"""Sumpah sekarang aku respect banget sama kamu""",Non-bullying,28 Juni 2020,@ferdianpalekaa00,,
467,@andhikaprat_,"""Santai rick yg ngehujat lo belom tau perjalanan hidup lo aja! Mereka hanya sok suci!""",Non-bullying,9 Agustus 2020,@eeericko,,
122,@fita_farah ,"""Matanya kayak katarak anjir AHAHAH""",Bullying,30 November 2020,@rosameldianti_,,
615,@denisyundaa,"""nikmatnya bisa menghirup oksigen dengan bebas ya :)""",Non-bullying,28 Juli 2020,@isyanasarasvati,,
21,@ferlista234,"""Anak yg cerdas terbentuk dr pola asuh sekaligus pola didik ortu yg cerdas pula sih pada saranya. Sesimple itu""",Non-bullying,25 Oktober 2020,@kalinaocktarany,,
72,@sila.putri.526,"""Jelek macam buntut kuali hahaha""",Bullying,22 Desember 2020,@rosameldianti_,,
107,@ajengrahayu80,"""Mukanya kayak lagi ngeden pas boker""",Bullying,11 Desember 2020,@rosameldianti_,,
271,@_nia_zzhh,"""Foto di upload nya 20 maret yang comment 1 jam 2 jam 3 jam yg lalu""",Non-bullying,20 Maret 2020,@eeericko,,
436,@elirahma7,"""Etdah ninggalin yang baik demi lonte, situ waras mas wkwk""",Bullying,2 Juni 2020,@eeericko,,
103,@santosodimas23,"""Dia memutuskan menjadi tumbal apartment""",Bullying,11 Desember 2020,@rosameldianti_,,
